<BOS> 私 たち は ボストン に 行 き 、 そこ に 一 週間 滞在 し た 。 <EOS>,we went to boston , where we stayed a week . <EOS>,we went to london place to place where we should . <EOS>
<BOS> なぜ 彼女 は 早 く 帰 っ て き た の で す か 。 <EOS>,why did she come home early ? <EOS>,is she come home early ? <EOS>
<BOS> 彼女 は 私 に すぐ 来 い と の 便り を よこ し た 。 <EOS>,she wrote to me to come at once . <EOS>,she did not wait as soon as she comes . <EOS>
<BOS> 私 は ５ 時 に 彼 を 迎え に 行 く つもり で す 。 <EOS>,<EOS>,<EOS>
<BOS> 家 の 中 で コート が 無 くな る はず は な い 。 <EOS>,you can 't have lost your coat in the house . <EOS>,there cannot be no house without the table . <EOS>
<BOS> 木 に オレンジ が いく つ か な っ て い る 。 <EOS>,there are some oranges on the tree . <EOS>,there are some oranges in the tree . <EOS>
<BOS> これ ら の 中 から １ つ 選 び な さ い 。 <EOS>,choose one from among these . <EOS>,choose between these two . <EOS>
<BOS> 彼 の 成功 の 見込み は あ り ま す か 。 <EOS>,is there any hope of his success ? <EOS>,do you have his success ? <EOS>
<BOS> ごめん なさ い 。 早 く 帰 ら な く ちゃ 。 <EOS>,no . <EOS>,<EOS>
<BOS> ただ 気分 が 落ち込 ん で い る だけ さ 。 <EOS>,you 've just been down in the <UNK> . <EOS>,just you have done . <EOS>
<BOS> 私 は 季節 の 中 で 春 が 好き だ 。 <EOS>,<EOS>,<EOS>
<BOS> そちら の 天気 は い い で す か 。 <EOS>,how 's the weather there ? <EOS>,is the weather there ? <EOS>
<BOS> 彼女 以外 の <EOS>,he loves no one but her . <EOS>,nobody of her everybody . <EOS>
<BOS> 彼 は つら い 人生 を 送 っ た 。 <EOS>,he lived a hard life . <EOS>,he got a good hand in the . <EOS>
<BOS> 私 は 毎日 英語 の 勉強 を する 。 <EOS>,<EOS>,<EOS>
<BOS> 私 は フランス 料理 が 好き で す 。 <EOS>,<EOS>,<EOS>
<BOS> 私 は 少し も 泳げ な い 。 <EOS>,<EOS>,<EOS>
<BOS> 彼女 は ショック 死 し た 。 <EOS>,she died of shock . <EOS>,she died all . <EOS>
<BOS> 本当 に い い 天気 だ 。 <EOS>,it 's so lovely a day . <EOS>,the weather is really nice . <EOS>
<BOS> 自分 の 事 を しろ 。 <EOS>,show your own business . <EOS>,go on your own . <EOS>
<BOS> その パーティー で 彼女 に 会 う と は まったく 思 わ な かっ た 。 <EOS>,she was the last woman that <EOS>,the party was not clear that she did it . <EOS>
<BOS> 無駄 に し た 時間 を 取り返 さ な けれ ば な ら な い 。 <EOS>,you must make up for lost time . <EOS>,you have to make up for lost time . <EOS>
<BOS> その 計画 に は 多額 の 金 が 必要 と な る だ ろ う 。 <EOS>,the new plan will call for a lot of money . <EOS>,the plan will do for a lot of money . <EOS>
<BOS> 彼 は 私 に 時々 便り を し ま す と 約束 し た 。 <EOS>,he promised that he would write to me once in a while . <EOS>,he promised me to keep up with me . <EOS>
<BOS> 長 く 歩 い た の で 私 は 疲れ て い る 。 <EOS>,<EOS>,<EOS>
<BOS> 君 の 未来 計画 に つ い て 話 し て くださ い 。 <EOS>,tell me about your program for the future . <EOS>,tell me all about your plan . <EOS>
<BOS> 私 は たくさん の 本 を 持 っ て い ま す 。 <EOS>,<EOS>,<EOS>
<BOS> この 本 を 読 む の は い い 考え で す 。 <EOS>,it is a good idea to read this book . <EOS>,it 's a good book to read this . <EOS>
<BOS> リムジン は 何 時 に 空港 に 出発 し ま す か 。 <EOS>,what time does the shuttle bus leave for the airport ? <EOS>,what time does the airport leave for the airport ? <EOS>
<BOS> 食事 の 前 に 手 を 洗 い な さ い 。 <EOS>,wash your hands before meals . <EOS>,wash your hands before meals . <EOS>
<BOS> わたし は 、 ３ 日 で それ を 建て よ う 。 <EOS>,and <EOS>,<EOS>
<BOS> 彼女 は 猫 を 飼 <UNK> っ て い た 。 <EOS>,she wants to keep a cat . <EOS>,she stood on a cat . <EOS>
<BOS> 明日 の 朝 に 電話 を いた し ま す 。 <EOS>,<EOS>,<EOS>
<BOS> 彼 は 音楽 の 研究 に 専念 し た 。 <EOS>,he applied himself to the study of music . <EOS>,he fell in love with music . <EOS>
<BOS> 昨日 は 日 曜 日 で し た 。 <EOS>,it was sunday yesterday . <EOS>,<EOS>
<BOS> 君 に 良 い 知らせ が あ る 。 <EOS>,<EOS>,<EOS>
<BOS> あの 件 は あの まま で あ る 。 <EOS>,the matter has not been settled yet . <EOS>,that 's the way that is . <EOS>
<BOS> 彼 に 電話 連絡 でき な かっ た 。 <EOS>,<EOS>,<EOS>
<BOS> その 山 に は 木 が な い 。 <EOS>,the hill is bare of trees . <EOS>,there is no a little flowers in the tree . <EOS>
<BOS> 彼 は 歴史 から 消え た 。 <EOS>,he was lost to history . <EOS>,he went out of the sight . <EOS>
<BOS> 私 は 道路 を 横断 する の は 不 可能 だ と 思 っ た 。 <EOS>,<EOS>,<EOS>
<BOS> 私 は 毎朝 ６ 時 に 起き る こと に し て い る 。 <EOS>,<EOS>,<EOS>
<BOS> いつ か その 仕事 が 成功 する 日 が 来る だ ろ う 。 <EOS>,the day will come someday when the business will succeed . <EOS>,whether the day will come when you will succeed . <EOS>
<BOS> 彼 は 三 回 ロンドン に 行 っ た 事 が あ る 。 <EOS>,he has been to london three times . <EOS>,he went to london three times a day . <EOS>
<BOS> 診察 時間 は 何 時 から 何 時 まで で す か 。 <EOS>,from what time to what time is your office open ? <EOS>,what are the time you hours ? <EOS>
<BOS> 彼 は 非常 に 多く の 金 を 本 に 使 う 。 <EOS>,he spends a great deal of money on books . <EOS>,he works a lot of money on his books . <EOS>
<BOS> 私 は 休 む ため に 横 に な っ た 。 <EOS>,<EOS>,<EOS>
<BOS> 私 は たま に し か 勉強 し な い 。 <EOS>,<EOS>,<EOS>
<BOS> それ は 彼 に つ い て も 当てはま る 。 <EOS>,that applies to him too . <EOS>,it makes him him . <EOS>
<BOS> どう も 彼女 は 失敗 する よう に 思 う 。 <EOS>,<EOS>,<EOS>
<BOS> 正月 が すぐ そこ まで 来 て い る 。 <EOS>,new year 's day is close at hand . <EOS>,the weather stayed at there until tomorrow . <EOS>
<BOS> 彼 は 私 の 一番 の 友人 で す 。 <EOS>,he is my best friend . <EOS>,he is a friend of mine . <EOS>
<BOS> 来 て くださ って ありがとう ござ い ま す 。 <EOS>,thank you for coming . <EOS>,it 's very kind of you to come . <EOS>
<BOS> 夏 の 大半 私 は ロンドン に い た 。 <EOS>,<EOS>,<EOS>
<BOS> 車 に 乗せ て くれ な い か 。 <EOS>,why don 't you give me a ride ? <EOS>,can you give me a lift ? <EOS>
<BOS> 今週 は 大いに 書 き ま し た 。 <EOS>,<EOS>,<EOS>
<BOS> あの 音 は 何 だっ た の か 。 <EOS>,what was that noise ? <EOS>,what was that strange ? <EOS>
<BOS> 案内 所 は どこ で す か 。 <EOS>,where is the information <UNK> ? <EOS>,where 's the show ? <EOS>
<BOS> この 本 を 私 に 下さ い 。 <EOS>,please give me this book . <EOS>,this book is easy to me . <EOS>
<BOS> 初めて の 診察 で す か 。 <EOS>,is this your first visit here ? <EOS>,what 's the first time ? <EOS>
<BOS> ギター の 弾 き 方 を 教え て くれ ま せ ん か 。 <EOS>,will you tell me how to play the guitar ? <EOS>,will you show me the way to play the ? <EOS>
<BOS> とき に は 試合 は 一 日 中 続 き ま し た 。 <EOS>,sometimes the game lasted all day . <EOS>,day came to the meeting yesterday . <EOS>
<BOS> 彼 は ２、３ 日 後 に 戻 っ て くる で しょ う 。 <EOS>,he will be back in a couple of days . <EOS>,he will be back in a few days . <EOS>
<BOS> どう や っ て 彼女 に <UNK> と い う ん だい 。 <EOS>,how can you break the news to her ? <EOS>,how do you get on her ? <EOS>
<BOS> なまけ て 時 を 過ご し て は な ら な い 。 <EOS>,you must not idle away . <EOS>,don 't leave time after all . <EOS>
<BOS> 君 は ここ から すぐ に 逃げ た ほう が よ い 。 <EOS>,you had better get away from here at once . <EOS>,you had better call a call from you soon . <EOS>
<BOS> 大事 な こと は すぐ 警察 を 呼 ぶ こと で す 。 <EOS>,the important thing is to call the police at once . <EOS>,what you call is a police at the police station . <EOS>
<BOS> この 仕事 が 終わ っ て くれ たら い い ん だ 。 <EOS>,<EOS>,<EOS>
<BOS> 彼 ら は 私 たち の 家族 と とても 親し い 。 <EOS>,they are very thick with our family . <EOS>,they are very much to the family . <EOS>
<BOS> 私 は 釣り に 行 こ う と 提案 し た 。 <EOS>,<EOS>,<EOS>
<BOS> 僕 は ５ 時 まで 仕事 を 離れ られ な い 。 <EOS>,<EOS>,<EOS>
<BOS> 私 に は 話 を する 友達 が い な い 。 <EOS>,<EOS>,<EOS>
<BOS> 問題 は どこ で 昼食 を たべ る か だっ た 。 <EOS>,the problem was where to eat lunch . <EOS>,the problem was where to stop smoking . <EOS>
<BOS> <EOS>,not anybody likes this book . <EOS>,no one can move this book . <EOS>
<BOS> 来 た もの は 皆 <UNK> っ た 。 <EOS>,as many men as came were caught . <EOS>,one of us came . <EOS>
<BOS> 彼 は 疲れ て い る よう だ 。 <EOS>,he looks tired . <EOS>,he seems tired . <EOS>
<BOS> 君 の 行動 は <UNK> すぎ る よ 。 <EOS>,your behavior is too extraordinary . <EOS>,your behavior is too good to pass . <EOS>
<BOS> あなた が 成功 し て うれし い 。 <EOS>,<EOS>,<EOS>
<BOS> そんな に 速 く 走 る な 。 <EOS>,don 't run so fast . <EOS>,don 't run fast . <EOS>
<BOS> 本当 ？ なぜ ？ <EOS>,do you ? why ? <EOS>,oh , is it ? <EOS>
<BOS> 彼 ら は かつて は お 互い に 助け合 っ て い ま し た 。 <EOS>,they had once helped each other . <EOS>,they helped each other one another . <EOS>
<BOS> 私 を 馬鹿 だ と 思 っ て い る の で す か 。 <EOS>,do you take me for a fool ? <EOS>,do you take me for a fool ? <EOS>
<BOS> 私 は 先生 の 説明 し て い る こと が 理解 でき た 。 <EOS>,<EOS>,<EOS>
<BOS> その 学生 は 、 間違い の 原因 を 説明 でき な かっ た 。 <EOS>,the student failed to account for the mistake . <EOS>,the student was too poor to account for a student . <EOS>
<BOS> 私 は 長 い 間 ここ に 住 ん で い ま す 。 <EOS>,<EOS>,<EOS>
<BOS> 彼 は 言葉 と か <UNK> で 話 そ う と し た 。 <EOS>,he tried to speak by word or gesture . <EOS>,he tried harder but he would lose the boss . <EOS>
<BOS> 彼女 が 発 っ た その 日 に 彼 は 到着 し た 。 <EOS>,he arrived the day she left . <EOS>,she was on him until he arrived . <EOS>
<BOS> 夜 に な っ て 、 家 へ 帰 っ た 。 <EOS>,when night came on , we returned home . <EOS>,night home home , <EOS>
<BOS> 彼 は 知識 も 経験 も 持 っ て い る 。 <EOS>,he has knowledge and experience as well . <EOS>,he has both experience and experience . <EOS>
<BOS> 私 は あの 店 で 猫 を 買 っ た 。 <EOS>,<EOS>,<EOS>
<BOS> 彼 の 名前 を 忘れ て しま っ た 。 <EOS>,his name has slipped my mind . <EOS>,his name came back . <EOS>
<BOS> 彼 は 我々 の 計画 に 好意 的 だ 。 <EOS>,he 's <UNK> to our plan . <EOS>,he is opposed to our plan . <EOS>
<BOS> 彼 は 金持ち に なり た かっ た 。 <EOS>,he wanted to be rich . <EOS>,he wanted to be rich . <EOS>
<BOS> 涙 が 彼女 の 目 に あふれ た 。 <EOS>,tears filled her eyes . <EOS>,tears eyes in her eyes . <EOS>
<BOS> あの 男 は お しゃべ り すぎ る 。 <EOS>,he is too ready to speak . <EOS>,that man is too right . <EOS>
<BOS> 葉 が ときどき 落ち て き た 。 <EOS>,leaves fell down every now and then . <EOS>,the school came in . <EOS>
<BOS> 私 は 借金 し た ところ だ 。 <EOS>,<EOS>,<EOS>
<BOS> 彼女 は きっと くる と 思 う 。 <EOS>,<EOS>,<EOS>
<BOS> その 塔 は ここ から 見え る 。 <EOS>,the tower can be seen from here . <EOS>,the baby is bound to be here . <EOS>
<BOS> 猫 は 暗がり 目 が 見え る 。 <EOS>,cats can see in the dark . <EOS>,we can see a cat of the five . <EOS>
<BOS> 彼 は パリ に 行 き 、 そこ で 初めて 彼女 に 会 っ た 。 <EOS>,he went to paris , where he first met her . <EOS>,he went to paris , where he met her for . <EOS>
<BOS> 彼 ら は まだ 家 に 戻 っ て き て い ま せ ん 。 <EOS>,they haven 't come back home yet . <EOS>,they aren 't returned to their back . <EOS>
<BOS> 私 は 、 山 へ 行 こ う と 思 っ て い ま す 。 <EOS>,<EOS>,<EOS>
<BOS> 彼 は 彼 の 命 を 犠牲 に し て その 少女 を 助け た 。 <EOS>,he rescued the little girl at the cost of his life . <EOS>,he took his of his dog the doctor . <EOS>
<BOS> この 国 は 私 が これ まで 訪問 し た 中 で 一番 美し い 。 <EOS>,this is the most beautiful country <EOS>,this is the best where <EOS>
<BOS> メンバー の <EOS>,do any of the members agree with you ? <EOS>,is there anyone anyone in your place ? <EOS>
<BOS> 出かけ る 前 に トイレ に 行 か な く て い い の ？ <EOS>,are you sure you don 't want to use the toilet before you go ? <EOS>,can 't go out for get to go there ? <EOS>
<BOS> 彼 は さよなら も 言 わ ず に 帰 っ て しま っ た 。 <EOS>,he went home without so much as saying good-bye . <EOS>,he could not be back any minute . <EOS>
<BOS> 彼 は 家 に 帰 り た く て <UNK> し て い た 。 <EOS>,he was burning to go home . <EOS>,he was bursting to go home . <EOS>
<BOS> 医者 は 私 に 煙草 を 止め なさ い と 言 っ た 。 <EOS>,the doctor advised me to give up smoking . <EOS>,the doctor told me that smoking . <EOS>
<BOS> 何 時間 も た っ て 彼 は 気 が つ い た 。 <EOS>,it was many hours before he came to . <EOS>,after his eyes were on and on him . <EOS>
<BOS> 子ども たち は すぐ に 眠 っ て しま い ま し た 。 <EOS>,the children soon fell into a sleep . <EOS>,the children soon fell asleep . <EOS>
<BOS> 彼 は お 金 で その 事故 の <UNK> を し た 。 <EOS>,he <UNK> me for the accident with money . <EOS>,he regarded the money as before he was lost . <EOS>
<BOS> 子供 たち は 家 の 後ろ で 遊 ん で い る 。 <EOS>,children are playing at the back of the house . <EOS>,children are playing with toys . <EOS>
<BOS> 彼 は 必要 以上 の 金 を 私 に 求め た 。 <EOS>,he asked me for more money than was necessary . <EOS>,he gave me what he money was to . <EOS>
<BOS> 私 は 子供 の ころ 読書 が 大好き だっ た 。 <EOS>,<EOS>,<EOS>
<BOS> 彼 の 愛 は 冷め て い っ た 。 <EOS>,his love grew cold . <EOS>,his love fell into his . <EOS>
<BOS> タバコ は 吸 い ま せ ん 。 <EOS>,<EOS>,<EOS>
<BOS> 相談 に 来 て くださ い 。 <EOS>,please come to talk to me . <EOS>,please come and see me . <EOS>
<BOS> 彼 は <EOS>,who is he ? <EOS>,who he is ? <EOS>
<BOS> 私 の 父 が 死 ん で から １０ 年 が 経 つ 。 <EOS>,my father has been dead for ten years . <EOS>,ten years have passed since my father died . <EOS>
<BOS> あなた は <UNK> が 好き で は な い の で す ね 。 <EOS>,you don 't like <UNK> , do you ? <EOS>,you don 't like the price , doesn 't you ? <EOS>
<BOS> 友人 は 私 の こと を 臆病 者 だ と 言 っ た 。 <EOS>,my friend called me a coward . <EOS>,my friend said to me that <EOS>
<BOS> 私 は いつ も 早 く 起き る わけ で は な い 。 <EOS>,<EOS>,<EOS>
<BOS> 私 達 は 法律 に 従 う べ き で あ る 。 <EOS>,we ought to obey the law . <EOS>,we should obey our law . <EOS>
<BOS> 僕 は 見 た とたんに 彼女 だ と 思 っ た 。 <EOS>,<EOS>,<EOS>
<BOS> コーヒー を 持 っ て き て くれ な い か 。 <EOS>,bring me a cup of coffee , will you ? <EOS>,could you bring me a cup of coffee ? <EOS>
<BOS> 彼女 から 久し ぶり に 電話 が あ っ た 。 <EOS>,<EOS>,<EOS>
<BOS> トム と ジェーン は 先月 結婚 し ま し た 。 <EOS>,tom and jane got married last month . <EOS>,tom married jane last month . <EOS>
<BOS> 彼 は 自分 の 事 しか 考え な い 。 <EOS>,he cares for nobody but himself . <EOS>,he thinks of nothing but himself . <EOS>
<BOS> 彼女 は 英語 を 毎日 勉強 し ま す 。 <EOS>,she studies english every day . <EOS>,she studies english every day . <EOS>
<BOS> 私 は 音楽 に 熱中 し て い た 。 <EOS>,<EOS>,<EOS>
<BOS> この 本 を あなた に あげ ま しょ う 。 <EOS>,<EOS>,<EOS>
<BOS> 彼 は ケン より ずっと 年上 で す 。 <EOS>,he is much older than ken . <EOS>,he is the shorter of the other . <EOS>
<BOS> バッグ を 私 に 見せ て くださ い 。 <EOS>,please show me your bag . <EOS>,can <EOS>
<BOS> 私 は テニス を し ま す 。 <EOS>,<EOS>,<EOS>
<BOS> ときどき 連絡 し て くれ た まえ 。 <EOS>,keep in touch with me . <EOS>,<EOS>
<BOS> そろそろ 家 へ 帰 る 時間 だ 。 <EOS>,it 's about time <EOS>,it 's about time we went home . <EOS>
<BOS> 昨日 水道 を 止め られ た 。 <EOS>,the water was cut off yesterday . <EOS>,<EOS>
<BOS> 雪 に な り そう だ 。 <EOS>,it looks like snow . <EOS>,it looks like snow . <EOS>
<BOS> 僕 に 任せ て 下さ い 。 僕 が 面倒 を 見 ま す 。 <EOS>,leave it to me . <EOS>,follow <EOS>
<BOS> いつ か また あなた に お 会 い し た い もの で す 。 <EOS>,<EOS>,<EOS>
<BOS> 彼 は 私 を 車 で つれ て 帰 っ て くれ た 。 <EOS>,he brought me back in his car . <EOS>,he came back to me in my car . <EOS>
<BOS> 私 は あまり お 金 を 持 っ て い ま せ ん 。 <EOS>,<EOS>,<EOS>
<BOS> 私 は 日曜 に は たいてい 映画 を 見 に 行 っ た 。 <EOS>,<EOS>,<EOS>
<BOS> 何 か 手 を 打 っ て お く べ き だっ た 。 <EOS>,<EOS>,you should have taken your umbrella . <EOS>
<BOS> これ は 、 全て の 中 で 、 断然 いちばん 良 い 。 <EOS>,this is far the best of all . <EOS>,this is by far the best best of all . <EOS>
<BOS> 駅 まで どの くらい の 距離 が あ り ま す か 。 <EOS>,how far is it to the station ? <EOS>,how far is it from here to the station ? <EOS>
<BOS> 昔 は 学校 の 近く に 喫茶 店 が 会 っ た 。 <EOS>,there used to be a coffee shop near the school . <EOS>,there used to find an old friend of the school . <EOS>
<BOS> 昨日 の 今頃 は 、 テレビ を 見 て い た 。 <EOS>,<EOS>,<EOS>
<BOS> デザート は 何 に な さ い ま す か 。 <EOS>,what would you like for dessert ? <EOS>,what kind of do you do ? <EOS>
<BOS> 彼 は 喫煙 に 賛成 する 議論 を 始め た 。 <EOS>,he started an argument for smoking . <EOS>,he began to make lost in the wrong . <EOS>
<BOS> 先月 は あまり 雨 が 降 ら な かっ た 。 <EOS>,we didn 't have much rain last month . <EOS>,we had no choice of getting last night . <EOS>
<BOS> 君 は 英語 が 話せ ま せ ん ね ？ <EOS>,you can 't speak english , can you ? <EOS>,you can not speak english ? <EOS>
<BOS> コンピューター が 故障 し た ん で す 。 <EOS>,the computer broke down . <EOS>,my computer is out of order . <EOS>
<BOS> 参加 でき な く て 残念 で す 。 <EOS>,<EOS>,it 's too far to be late for . <EOS>
<BOS> 私 は とても 幸福 に 感 じ た 。 <EOS>,<EOS>,<EOS>
<BOS> 僕 は 君 を 幸せ に する 。 <EOS>,<EOS>,<EOS>
<BOS> 彼 は 無罪 に な っ た 。 <EOS>,he was <UNK> . <EOS>,he took a mistake . <EOS>
<BOS> 彼 は 青ざめ た 。 <EOS>,he lost color . <EOS>,he came out of sight . <EOS>
<BOS> 飛行 機 は 何 時 に 成田 に 到着 し た の で す か 。 <EOS>,what time did the plane arrive at narita ? <EOS>,what time did you get up the airplane ? <EOS>
<BOS> 彼 は ほとんど 毎日 私 に 会 い に 来 て くれ る 。 <EOS>,he comes to see me nearly every day . <EOS>,he has been to see me every day . <EOS>
<BOS> 私 たち の 町 に は 図書 館 が あ り ま す 。 <EOS>,there is a library in our city . <EOS>,we have a library in the library . <EOS>
<BOS> 彼 ら は 明らか に 違 う こと を 考え て い る 。 <EOS>,they clearly have something different in mind . <EOS>,they are thought of making a bad matter . <EOS>
<BOS> 私 たち の 先生 は 車 で 学校 に 来 ま す 。 <EOS>,our teacher comes to school by car . <EOS>,our teacher is coming to our school . <EOS>
<BOS> 我々 は 正午 に 東京 駅 に 着 く だ ろ う 。 <EOS>,we will get to tokyo station at noon . <EOS>,we 'll arrive to tokyo at the station an hour . <EOS>
<BOS> 空港 から 貴社 まで は どれ くらい かか り ま す か 。 <EOS>,how long does it take to your office from the airport ? <EOS>,how long does it take to get from from airport to the airport ? <EOS>
<BOS> トム は いつ も テレビ を 見 て ばかり い る 。 <EOS>,tom is always watching television . <EOS>,tom is always watching tv . <EOS>
<BOS> 後 で あなた に 会 い に 行 き ま す 。 <EOS>,<EOS>,<EOS>
<BOS> 彼 ら は 、 全く 疲れ き っ て い た 。 <EOS>,they were very tired indeed . <EOS>,they were tired of their . <EOS>
<BOS> あなた は 彼 を 知 っ て い ま す か 。 <EOS>,do you know him ? <EOS>,do you know him ? <EOS>
<BOS> 私 は 空港 で 偶然 彼 と で あ っ た 。 <EOS>,<EOS>,<EOS>
<BOS> その 火事 が 高 い ビル を 破壊 し た 。 <EOS>,the fire destroyed the tall building . <EOS>,a fire broke out in that country . <EOS>
<BOS> 放課 後 、 テニス を し ま せ ん か 。 <EOS>,will you play tennis after school ? <EOS>,how about playing tennis after school ? <EOS>
<BOS> 私 を 車 に 乗せ て くださ って ありがとう 。 <EOS>,it is kind of you to give me a ride . <EOS>,it is kind of you to lend me the car . <EOS>
<BOS> 私 は 毎日 ２ 時間 の 運動 を する 。 <EOS>,<EOS>,<EOS>
<BOS> 私 の 部屋 に ラジオ が あ る 。 <EOS>,there is a radio in my room . <EOS>,there is a radio in my room . <EOS>
<BOS> 彼女 が 来る 必要 は な かっ た 。 <EOS>,she didn 't need to come . <EOS>,there was no hurry that she didn 't come . <EOS>
<BOS> 私 より 彼 は ３ つ 年上 だ 。 <EOS>,he is my senior by three years . <EOS>,he is three years old . <EOS>
<BOS> 道 で 一 ドル を 拾 っ た 。 <EOS>,<EOS>,<EOS>
<BOS> 向こう で 本 を 読 で い る 人 は わたし の 父 で す 。 <EOS>,the man reading a book over there is my father . <EOS>,the man who is the book to play with his books . <EOS>
<BOS> 教師 に な る つもり だっ た の だ が な ら な かっ た 。 <EOS>,<EOS>,<EOS>
<BOS> 彼 は 明日 の 午後 は テニス を し て い る だ ろ う 。 <EOS>,he will be playing tennis tomorrow afternoon . <EOS>,he will play tennis tomorrow afternoon . <EOS>
<BOS> これ は 私 が 一 週間 前 に な く し た 財布 だ 。 <EOS>,this is the same purse that <EOS>,this is the last person <EOS>
<BOS> どんな に 速 く 走 っ て も 、 君 は 勝て な い 。 <EOS>,no matter how fast you ran , you cannot win . <EOS>,however you run , you won 't . <EOS>
<BOS> 通り を 歩 い て い た とき 交通 事故 を 見かけ た 。 <EOS>,while <EOS>,<EOS>
<BOS> この クラス に は 何 人 の 男の子 が い ま す か 。 <EOS>,how many boys are there in this class ? <EOS>,how many children do in this library ? <EOS>
<BOS> 彼 は 学校 で は 君 より はるか に 成績 が よ い 。 <EOS>,he does far better than you do at school . <EOS>,he 's even on a good school record . <EOS>
<BOS> この バス に 乗 れ ば 市内 一 <UNK> が 出来 ま す 。 <EOS>,this bus will take you around the city . <EOS>,this bus will take you to the bus . <EOS>
<BOS> この 計画 に つ い て どう お 考え で す か 。 <EOS>,what do you think about this plan ? <EOS>,how are you about the plan ? <EOS>
<BOS> 父 と 私 は 日曜日 に は テニス を し た 。 <EOS>,my father and <EOS>,my father and <EOS>
<BOS> ここ ２、３ 年 は <UNK> が 続 い て い る 。 <EOS>,time have been bad these few years . <EOS>,these days are gone worth listening . <EOS>
<BOS> 君 の 仕事 は 申し分 な い と 思 う 。 <EOS>,<EOS>,<EOS>
<BOS> 春 は ま も な く や っ て くる 。 <EOS>,spring will be here before long . <EOS>,spring will soon come . <EOS>
<BOS> その 人 が 本当 に 好き と な っ た 。 <EOS>,<EOS>,<EOS>
<BOS> 一 度 に 一 つ の こと を せよ 。 <EOS>,do one thing at a time . <EOS>,give one another thing at a time . <EOS>
<BOS> 以後 こんな こと は いた し ま せ ん 。 <EOS>,<EOS>,<EOS>
<BOS> 今 で な けれ ば 一体 いつ だ ？ <EOS>,not now , then when ? <EOS>,if you had time , do you ? <EOS>
<BOS> 彼 は 一生 懸命 走 っ た 。 <EOS>,he ran as fast as he could . <EOS>,he ran as fast as he . <EOS>
<BOS> 彼 は 汽車 に 乗 っ た 。 <EOS>,he got on the train . <EOS>,he jumped on the train . <EOS>
<BOS> 今日 彼 に 会 っ たら 妻 は 元気 か と 聞 か れ た 。 <EOS>,he asked after my wife when <EOS>,a met of his wife met to my wife was . <EOS>
<BOS> 失 っ た 時間 を 金 で 埋め合わせ る こと は でき な い 。 <EOS>,money cannot make up for lost time . <EOS>,you can make the money of time for lost time . <EOS>
<BOS> こちら は あなた が お 話 に な る お 方 で す 。 <EOS>,this is the man for you to speak to . <EOS>,this is the way you are to know . <EOS>
<BOS> 私 は テニス を する が 、 姉 は 水泳 を や る 。 <EOS>,<EOS>,<EOS>
<BOS> 昔 その 島 に ひとり の 老人 が 住 ん で い た 。 <EOS>,there once lived an old man on that island . <EOS>,seen in the old man lives for the old man . <EOS>
<BOS> 今日 や ろ う と し た こと は 全部 や っ た 。 <EOS>,<EOS>,<EOS>
<BOS> あの 川 で 泳 ぐ の は 危険 だ と 思 う 。 <EOS>,<EOS>,<EOS>
<BOS> 君 は 彼 の 返事 を 待ち さえ すれ ば よ い 。 <EOS>,all that you have to do is to wait for his reply . <EOS>,all you have to answer for his advice . <EOS>
<BOS> 彼女 、 結婚 し て 女の子 が 二人 い る の よ 。 <EOS>,she has a husband and two daughters . <EOS>,she 'll be happy ! <EOS>
<BOS> 私 は 何 も 食べ る 気 に な ら な い 。 <EOS>,<EOS>,<EOS>
<BOS> この 考え に は 反対 せ ざる を え な い 。 <EOS>,<EOS>,<EOS>
<BOS> 君 は 大変 青白 い 顔 を し て い る 。 <EOS>,you look very pale . <EOS>,you look very a great face . <EOS>
<BOS> 何 日 も 続け て 雨 が 降 っ た 。 <EOS>,it rained for several days on end . <EOS>,it rained many days on end . <EOS>
<BOS> なん て よ い 天気 な ん で しょ う 。 <EOS>,what a lovely day . <EOS>,what a nice day it is ! <EOS>
<BOS> 彼 は 明日 来 る で しょ う か 。 <EOS>,will he come tomorrow ? <EOS>,will he come tomorrow ? <EOS>
<BOS> どうぞ 中 ほど へ お 進 み 下さ い 。 <EOS>,pass down the car , please . <EOS>,please come in at the end . <EOS>
<BOS> この 本 は 私 の 本 で す 。 <EOS>,this book is mine . <EOS>,this book is mine . <EOS>
<BOS> 木 の 間 に 家 が 見え る 。 <EOS>,<EOS>,you can see the roof of the trees . <EOS>
<BOS> 彼女 は <UNK> を 買 っ た 。 <EOS>,she bought a chicken . <EOS>,she bought a chicken . <EOS>
<BOS> 気の毒 で す ね 。 <EOS>,that 's too bad . <EOS>,you 're a bit . <EOS>
<BOS> 手紙 を 書 く こと は 、 た やす い こと で は な い 。 <EOS>,it is no easy task to write a letter . <EOS>,there is no simple in letter . <EOS>
<BOS> 時間 が あ れ ば 時々 私 に ちょっと 便り を 下さ い 。 <EOS>,if you have time , drop me a line now and then . <EOS>,if you want me to <EOS>
<BOS> 警察 署 まで の 行 き 方 を 教え て くださ い 。 <EOS>,how can <EOS>,how can <EOS>
<BOS> 私 は 雨 が 降 っ て い た が 出かけ た 。 <EOS>,<EOS>,<EOS>
<BOS> 俺 に は お前 の 心 の 音 が 聞こえ る 。 <EOS>,<EOS>,<EOS>
<BOS> 父 は 私 を 医者 に したが っ て い る 。 <EOS>,father wants to make me a doctor . <EOS>,father is the doctor on me . <EOS>
<BOS> 彼 は 知識 ばかり で な く 経験 も あ る 。 <EOS>,he has experience as well as knowledge . <EOS>,he has not only learning but experience . <EOS>
<BOS> 放課 後 、 あなた は 何 を し ま す か 。 <EOS>,what do you do after school ? <EOS>,what do you do after you after ? <EOS>
<BOS> 彼 は きのう 何 を し ま し た か 。 <EOS>,what did he do yesterday ? <EOS>,what did he had yesterday ? <EOS>
<BOS> そんな デザイナー の 名前 聞 い た こと な い 。 <EOS>,<EOS>,<EOS>
<BOS> 彼 は 、 犬 を 飼 っ て い る 。 <EOS>,he has a dog . <EOS>,he keeps a dog . <EOS>
<BOS> 彼 は 貯金 を 上手 に 使 っ た 。 <EOS>,he put her savings to good use . <EOS>,he succeeded in good use . <EOS>
<BOS> 多分 君 が 正し い の だ ろ う 。 <EOS>,you may be right . <EOS>,<EOS>
<BOS> 彼女 は 静か な 曲 が 好き だ 。 <EOS>,she <UNK> quiet music . <EOS>,she likes a quiet heart . <EOS>
<BOS> 私 は 遅く まで 起き て い た 。 <EOS>,<EOS>,<EOS>
<BOS> １０ ドル に まけ られ ま す か 。 <EOS>,can you lower the price to ten dollars ? <EOS>,can you ten ten dollars ? <EOS>
<BOS> 何 も 心配 する こと は な い 。 <EOS>,there is nothing to worry about . <EOS>,you are free to worry about anything . <EOS>
<BOS> 靴 を 履 い て くださ い 。 <EOS>,please put on your shoes . <EOS>,please take off your shoes . <EOS>
<BOS> 彼女 は 言葉 に 詰ま っ た 。 <EOS>,words failed her . <EOS>,she was taken to the . <EOS>
<BOS> まったく 悲し い 光景 だ 。 <EOS>,it is quite a sorry sight . <EOS>,it 's really up . <EOS>
<BOS> 今日 の 午後 お 会 い し た い の で す が 。 <EOS>,<EOS>,<EOS>
<BOS> わざわざ 家 に 来 な く て も い い で す よ 。 <EOS>,do not bother to come to my home . <EOS>,you can go out of my place at any time . <EOS>
<BOS> 彼 は この 前 の ８ 月 に 戻 っ て き た 。 <EOS>,he came back last august . <EOS>,he came back before the morning . <EOS>
<BOS> 彼女 は だんだん きれい に な っ て き て い る 。 <EOS>,she is getting prettier . <EOS>,she is getting longer by her . <EOS>
<BOS> 二 つ の 頭 は 一 つ の 頭 に まさ る 。 <EOS>,two heads are better than one . <EOS>,the two are are one of the mind . <EOS>
<BOS> ときどき お 金 が 足り な く な り ま す 。 <EOS>,sometimes <EOS>,<EOS>
<BOS> 私 は もう すぐ <UNK> 歳 に な り ま す 。 <EOS>,<EOS>,<EOS>
<BOS> 私 は 来年 の 冬 <UNK> ここ に 来 た い 。 <EOS>,<EOS>,<EOS>
<BOS> 当地 へ 来 た の は 今度 が 初めて で す 。 <EOS>,this is the first time that <EOS>,it 's almost over the day before <EOS>
<BOS> 彼女 は 三 日 後 に 家 を 離れ た 。 <EOS>,she left home after three days . <EOS>,she left home three days on end . <EOS>
<BOS> 私 が 依頼 す べ き で しょ う ね 。 <EOS>,<EOS>,you 'll find it if you 're up . <EOS>
<BOS> 橋 の 上流 に 私 は ボート を 見 た 。 <EOS>,<EOS>,<EOS>
<BOS> ビル は 何 時間 も 泣 き 続け た 。 <EOS>,bill kept on crying for hours . <EOS>,bill kept on crying for many hours . <EOS>
<BOS> 彼 は 駅 に 手 荷物 を 預け た 。 <EOS>,he left his luggage at the station . <EOS>,he took leave at the station . <EOS>
<BOS> 昨夜 初めて その 知らせ を 聞 い た 。 <EOS>,it was not until last night that <EOS>,<EOS>
<BOS> 向こう に 大きな 山 が 見え ま す 。 <EOS>,we can see a big mountain over there . <EOS>,you see a big mountain over there . <EOS>
<BOS> 彼女 も コップ を 割 っ た 。 <EOS>,she broke the cup , too . <EOS>,she made a piece of money . <EOS>
<BOS> すぐ に 治 り ま す か 。 <EOS>,will <EOS>,will you get over right away ? <EOS>
<BOS> ぼく は コーヒー が <UNK> だ 。 <EOS>,<EOS>,<EOS>
<BOS> 政治 <UNK> が 変わ っ た 。 <EOS>,the political situation has changed . <EOS>,the situation changed changed . <EOS>
<BOS> <EOS>,give this ticket to whoever comes first . <EOS>,no any of any come who came first here . <EOS>
<BOS> 父 は ニューヨーク へ 旅行 する こと に な っ て い ま す 。 <EOS>,my father is going to make a trip to new york . <EOS>,my father will travel to travel abroad . <EOS>
<BOS> 君 の ため に 模型 飛行 機 を 作 っ て あげ よ う 。 <EOS>,<EOS>,<EOS>
<BOS> 彼 ら は 皆 、 それ が 無 意味 だ と い っ た 。 <EOS>,they all <UNK> it nonsense . <EOS>,they were to of it , they would . <EOS>
<BOS> 部屋 を 出 る 前 に 明かり を 消 し て 下さ い 。 <EOS>,please turn out the light before leaving the room . <EOS>,turn off the lights when you leave the room . <EOS>
<BOS> 母 は まだ ディナー を 料理 し て い ま せ ん 。 <EOS>,mother has not cooked dinner yet . <EOS>,my mother has not yet of her mother . <EOS>
<BOS> 車 の 運転 の 仕方 を 知 っ て い る か 。 <EOS>,do you know how to drive a car ? <EOS>,do you know how to drive a car ? <EOS>
<BOS> 彼 の 家 は 通り の 向こう側 に あ り ま す 。 <EOS>,his house is across the street . <EOS>,his house is on the street side of the street . <EOS>
<BOS> 彼 は 授業 を 休 み た い と 思 っ た 。 <EOS>,he wanted to absent himself from the class . <EOS>,he wanted to take a rest at the class . <EOS>
<BOS> 彼 は 病気 で 寝 て い る なんて かわいそう だ 。 <EOS>,it 's a pity that he should be ill in bed . <EOS>,it is said that he is ill in bed . <EOS>
<BOS> 彼 の 好き な よう に や ら せ なさ い 。 <EOS>,let him do as he likes . <EOS>,take him as it like . <EOS>
<BOS> 部屋 に は たくさん の 人々 が い ま し た 。 <EOS>,there were a lot of people in the room . <EOS>,there were a lot of people in the room . <EOS>
<BOS> あなた が 成功 し た の は 努力 の 結果 だ 。 <EOS>,the success resulted from your efforts . <EOS>,it was the success of you had worked hard . <EOS>
<BOS> 私 は ちょうど 昼食 を 食べ 終え た ところ だ 。 <EOS>,<EOS>,<EOS>
<BOS> 雪 が 何 日 も 降 り 続 い た 。 <EOS>,it snowed for days on end . <EOS>,the snow has come out for a few days . <EOS>
<BOS> これ で 十分 な はず で す 。 <EOS>,this should be plenty . <EOS>,this is the most important person . <EOS>
<BOS> 私 は 会 を 欠席 し た 。 <EOS>,<EOS>,<EOS>
<BOS> 昨夜 は 良 く 眠れ た 。 <EOS>,<EOS>,<EOS>
<BOS> 彼 は 叫 び 始め た 。 <EOS>,he began to shout . <EOS>,he began to go out . <EOS>
<BOS> 頭 に 気 を つけ て ！ <EOS>,watch your head ! <EOS>,watch your head ! <EOS>
<BOS> 彼 は 今 まで 自分 で 生計 を 立て る 必要 が な かっ た 。 <EOS>,he 's never had to earn his own living . <EOS>,he had no intention of assisting getting doing abroad . <EOS>
<BOS> 彼女 は 今 おじ さん の 家 に 滞在 し て い ま す 。 <EOS>,she is now staying at her uncle 's house . <EOS>,she 's at my uncle 's now . <EOS>
<BOS> その 会社 は 、 経営 者 が ３ 回 変わ っ て い る 。 <EOS>,the company has changed hands three times . <EOS>,the company has changed three times . <EOS>
<BOS> 私 は 今 あなた を 助け られ る 境遇 で は な い 。 <EOS>,<EOS>,<EOS>
<BOS> みな が みな 満足 し て い た わけ で は な い 。 <EOS>,not all were satisfied . <EOS>,no , <EOS>
<BOS> 風邪 を ひ か な い よう に し なさ い よ 。 <EOS>,you had better be careful not to catch cold . <EOS>,take care not to catch cold . <EOS>
<BOS> 彼 は お 金 に 非常 に 困 っ て い た 。 <EOS>,he was hard up . <EOS>,he was hard of money . <EOS>
<BOS> 彼 は 貧し く て 、 コート が 買え な かっ た 。 <EOS>,he is poor and could not buy a coat . <EOS>,he could not get enough , and he could buy it . <EOS>
<BOS> あなた は 何 と 速 く 走 る の で しょ う 。 <EOS>,how fast you run ! <EOS>,how fast you run ! <EOS>
<BOS> 知 っ て い る こと と 、 実行 は 別物 だ 。 <EOS>,to know is one thing , to practice another . <EOS>,to know , it is true . <EOS>
<BOS> 彼 は どこ か その 辺り に い る はず で す 。 <EOS>,he must be somewhere about . <EOS>,he ought to have run in . <EOS>
<BOS> 僕 は もう 行 か な けれ ば な ら な い 。 <EOS>,<EOS>,<EOS>
<BOS> そんな 事 を する なんて 君 は 馬鹿 に 違い な い 。 <EOS>,you must be a fool to do such a thing . <EOS>,you must be stupid to say such a thing . <EOS>
<BOS> 出席 し て い た 人 たち は 驚 い た 。 <EOS>,the people present were surprised . <EOS>,those were the men who were surprised . <EOS>
<BOS> 何 で も ご 自由 に 召し上が っ て くださ い 。 <EOS>,help yourself to anything you 'd like to eat . <EOS>,please help yourself to anything you like . <EOS>
<BOS> 今日 は 風 が 強 い で す ね 。 <EOS>,it is windy today , isn 't it ? <EOS>,it is windy today , isn 't it ? <EOS>
<BOS> 彼 は 昨日 は ふつう じゃ な かっ た 。 <EOS>,he was really off the wall yesterday . <EOS>,he wasn 't able to go to the bed yesterday . <EOS>
<BOS> 山 の 上 に 雲 が 見え た 。 <EOS>,we saw clouds above the mountain . <EOS>,we saw the mountain on the mountain . <EOS>
<BOS> 私 達 は 交替 で 運転 し た 。 <EOS>,we took turns driving . <EOS>,we went to the rest . <EOS>
<BOS> 何 時 に 帰 っ て くる の 。 <EOS>,when will you come home ? <EOS>,what time do you leave ? <EOS>
<BOS> あなた は その 時計 を どこ で 手 に 入れ た の で す か 。 <EOS>,where did you come by the watch ? <EOS>,where did you get the watch ? <EOS>
<BOS> 急ぎ な さ い 、 そう し な い と 学校 に 遅れ る よ 。 <EOS>,hurry up , or you will be late for school . <EOS>,hurry up , or you will be late for school . <EOS>
<BOS> あなた は すぐ に 出発 し た 方 が い い で す よ 。 <EOS>,you may as well start at once . <EOS>,you had better start at once . <EOS>
<BOS> 彼女 は 兄 に 「 <UNK> ちゃ う から 」 と 言 っ た 。 <EOS>,she said to her brother , '' <EOS>,she said she would be kind of her brother . <EOS>
<BOS> 彼 が 賛成 する か どう か は 気 に し な い 。 <EOS>,<EOS>,it doesn 't matter whether he will agree or not . <EOS>
<BOS> 彼 が い っ て しま っ た 今 は とても 寂し い 。 <EOS>,now that he has gone , we miss him very much . <EOS>,it 's very that he has not much like now . <EOS>
<BOS> 彼 が 不 合格 だっ た の に は 驚 い た 。 <EOS>,to my surprise , he failed in the exam . <EOS>,it was so that he was able to speak up . <EOS>
<BOS> あなた の 自動 車 事故 の 説明 が 出来 ま す か 。 <EOS>,can you account for your car accident ? <EOS>,can you find your car to the school ? <EOS>
<BOS> 生徒 たち は 、 彼女 の 人生 を 幸福 に し た 。 <EOS>,the students made her life happy . <EOS>,the students played her happy . <EOS>
<BOS> 私 たち は 初めて 彼 の 生まれ 故郷 を 訪ね た 。 <EOS>,we visited his home country for the first time . <EOS>,we visited the old from his place . <EOS>
<BOS> 公園 を 散歩 する の は いかが で す か 。 <EOS>,what do you say to taking a walk in the park ? <EOS>,how about going for a walk in the park ? <EOS>
<BOS> 私 は 頭 に 少し 痛み を 感 じ た 。 <EOS>,<EOS>,<EOS>
<BOS> その 車 は 動 か な く な っ た 。 <EOS>,the car didn 't move . <EOS>,the car turned out of order . <EOS>
<BOS> 彼 は ひど く 困 っ て い る 。 <EOS>,he is in great trouble . <EOS>,he is hard up for a moment . <EOS>
<BOS> 私 は 元気 に や っ て ま す 。 <EOS>,<EOS>,<EOS>
<BOS> この 問題 を 解 く の は 難し い 。 <EOS>,this problem is difficult to solve . <EOS>,it is difficult for this to solve this problem . <EOS>
<BOS> どこ か は 今 五 時 だ ろ う 。 <EOS>,it 's five o 'clock somewhere now . <EOS>,it may time about five o 'clock . <EOS>
<BOS> 彼 の 意見 は くだ ら な い 。 <EOS>,his opinion is for the birds . <EOS>,his opinion doesn 't count from <EOS>
<BOS> 彼女 が あなた の 先生 で す か 。 <EOS>,is she your teacher ? <EOS>,is she your teacher ? <EOS>
<BOS> 私 に 手伝 わ せ て くださ い 。 <EOS>,let me help you . <EOS>,let me help you . <EOS>
<BOS> トニー 君 は その 時 どこ で 遊 ん で い ま し た か 。 <EOS>,where was tony playing then ? <EOS>,where was the movie ? <EOS>
<BOS> 死 ん だ 人 たち を 悪 く 言 っ て は いけ な い 。 <EOS>,you mustn 't speak ill of the dead . <EOS>,never must not be seriously . <EOS>
<BOS> それ は あなた の 家 に <UNK> を もたら す で しょ う 。 <EOS>,it will bring down trouble on your family . <EOS>,you will put your house to the long time . <EOS>
<BOS> すぐ それ を し な けれ ば な り ま せ ん か 。 <EOS>,do <EOS>,do <EOS>
<BOS> 彼 は 私 に 忠告 を １ つ し て くれ た 。 <EOS>,he gave me a piece of advice . <EOS>,he gave me a piece of advice . <EOS>
<BOS> 今度 の 旅行 は 仕事 じゃ な く て 遊び で す 。 <EOS>,our next trip is for pleasure , not for work . <EOS>,it 's time to take a trip to the new road . <EOS>
<BOS> あなた は 私 と 同じ カメラ を も っ て い る 。 <EOS>,you have the same camera as mine . <EOS>,you have the same camera as me . <EOS>
<BOS> 彼 は 医者 に な る よう に <UNK> られ た 。 <EOS>,he was brought up to be a doctor . <EOS>,he was given to be a doctor . <EOS>
<BOS> 日本 語 の 話せ る 医者 は い ま す か 。 <EOS>,do you know any doctors who speak japanese ? <EOS>,does anyone speak japanese ? <EOS>
<BOS> ジョン は 飛行 機 で アメリカ へ 行 っ た 。 <EOS>,john went to america by air . <EOS>,john went to america for the states . <EOS>
<BOS> 概し て 私 は 君 の 意見 に 賛成 だ 。 <EOS>,on the whole , <EOS>,<EOS>
<BOS> 私 は 今 忙し く あ り ま せ ん 。 <EOS>,<EOS>,<EOS>
<BOS> 約束 を 裏切 っ て は いけ な い 。 <EOS>,don 't go back on your promise . <EOS>,you must not break your word . <EOS>
<BOS> これ は ロンドン へ 直行 する 道 で す 。 <EOS>,this is a direct road to london . <EOS>,this is a student from london to london . <EOS>
<BOS> ここ は 私 が 生まれ た 家 で す 。 <EOS>,this is the house where <EOS>,this is the house where <EOS>
<BOS> ふと 街 で 彼 に 会 っ た 。 <EOS>,<EOS>,<EOS>
<BOS> 私 は フランス 語 が 読め な い 。 <EOS>,<EOS>,<EOS>
<BOS> 私 は 今 始め た ところ で す 。 <EOS>,<EOS>,<EOS>
<BOS> 大変 申し訳 あ り ま せ ん 。 <EOS>,<EOS>,<EOS>
<BOS> 私 は 初めて コアラ を 見 た 。 <EOS>,<EOS>,<EOS>
<BOS> 私 たち は おじ さん の 訪問 を 楽しみ に ま っ て ま す 。 <EOS>,we are looking forward to our uncle 's visit . <EOS>,we are going to take our house . <EOS>
<BOS> 学生 に もっと 考え させ る よう な 本 を 読 ま せ なさ い 。 <EOS>,have students read such books as will make them think more . <EOS>,don 't read your books again to do <EOS>
<BOS> 彼 が アメリカ に 行 く の は 、 <UNK> し て い る 。 <EOS>,it is definite that he will go to america . <EOS>,<EOS>
<BOS> 私 は 毎朝 ７ 時 に 家 を 出 て 会社 に 向か う 。 <EOS>,<EOS>,<EOS>
<BOS> 彼女 の 声 は 騒音 の 中 で ほとんど 聞 き取れ な かっ た 。 <EOS>,her voice could hardly be heard above the noise . <EOS>,her voice was so because she could please . <EOS>
<BOS> 彼女 は 子供 たち に クッキー を 作 っ て あげ た 。 <EOS>,she made cookies for the children . <EOS>,she made her children to get children . <EOS>
<BOS> これ は あなた が 自分 で おこ し た 問題 で す 。 <EOS>,this is a problem of your own making . <EOS>,this is the only difficulty that <EOS>
<BOS> 夏 に は 夜 たくさん の 星 が 見え ま す 。 <EOS>,we can see a lot of stars at night in summer . <EOS>,we can see a lot of stars in the sky . <EOS>
<BOS> 私 は 昨日 の 今ごろ テレビ を 見 て い た 。 <EOS>,<EOS>,<EOS>
<BOS> 持て ば 持 つ ほど もっと 欲し く な る 。 <EOS>,the more <EOS>,the more you have , the more you want . <EOS>
<BOS> 彼 は 事業 に 失敗 し て 破産 し た 。 <EOS>,he was broken by the failure of his business . <EOS>,he failed in a business . <EOS>
<BOS> その ニュース は 胸 が <UNK> ん ばかり だっ た 。 <EOS>,the news broke her heart . <EOS>,the news <EOS>
<BOS> 嫌い な 食べ物 って あ り ま す か 。 <EOS>,what food don 't you like ? <EOS>,do you have any better ? <EOS>
<BOS> ご 親切 に ありがとう ござ い ま す 。 <EOS>,<EOS>,thank you for your kindness . <EOS>
<BOS> 彼 の 家族 は 大勢 で あ る 。 <EOS>,his is a large family . <EOS>,his family is quite large . <EOS>
<BOS> ご 一緒 し た い もの で す 。 <EOS>,<EOS>,<EOS>
<BOS> その 雪 は ２ 日間 続 い た 。 <EOS>,the snow lasted for two days . <EOS>,the snow lasted two days . <EOS>
<BOS> この 件 を 直ぐ に 調べ て くれ 。 <EOS>,see to this matter right away , will you ? <EOS>,take this me with you to put out . <EOS>
<BOS> 救急 車 が 必要 で す か 。 <EOS>,do you need an ambulance ? <EOS>,is that car ? <EOS>
<BOS> 彼 は 部屋 中 飛び回 っ た 。 <EOS>,he jumped about the room . <EOS>,he walked up in the room . <EOS>
<BOS> あなた は もっと 野菜 を 食べ た 方 が い い で す よ 。 <EOS>,you should eat more vegetables . <EOS>,you should eat more vegetables . <EOS>
<BOS> 私 たち は 雨 の 中 を 進 ん で 行 っ た 。 <EOS>,we were going along in the rain . <EOS>,we went around the rain . <EOS>
<BOS> 彼女 は 彼 に 窓 を 開け る よう に 頼 ん だ 。 <EOS>,she asked him to open the window . <EOS>,she asked him to open the window . <EOS>
<BOS> 私 は その こと で 強 く 心 を 動か さ れ た 。 <EOS>,<EOS>,<EOS>
<BOS> いや と い う ほど 見 て き た から 分か る 。 <EOS>,<EOS>,you can see the other you have seen . <EOS>
<BOS> 彼女 は 私 の 言葉 を 真実 だ と 認め た 。 <EOS>,she acknowledged that my statement was true . <EOS>,she told me what my word had to be . <EOS>
<BOS> ホテル は 空港 に 近 い の で す か 。 <EOS>,is the hotel close to the airport ? <EOS>,is the airport at the hotel ? <EOS>
<BOS> あなた は もう 行 っ た ほう が い い 。 <EOS>,you had better go now . <EOS>,you had better go now . <EOS>
<BOS> 僕 は 、 <UNK> の うち に 理解 し た 。 <EOS>,<EOS>,<EOS>
<BOS> 私 は 兄 が 一人 い ま す 。 <EOS>,<EOS>,<EOS>
<BOS> 理由 が わか り かね ま す 。 <EOS>,<EOS>,<EOS>
<BOS> あの 二人 は どう も 怪し い 。 <EOS>,they are too close . <EOS>,that 's all of them . <EOS>
<BOS> 一体 、 どう し た の 。 <EOS>,what on earth is the matter ? <EOS>,what are you doing ? <EOS>
<BOS> 彼 は 利口 な 少年 だ 。 <EOS>,he is a clever boy . <EOS>,he is a clever boy . <EOS>
<BOS> この 家 は とても 広 い 。 <EOS>,this house is very <UNK> . <EOS>,this house is very large . <EOS>
<BOS> 映画 が 始ま り ま す 。 <EOS>,the movie starts . <EOS>,the movie is going . <EOS>
<BOS> 私 は 英語 が 話せ る 。 <EOS>,<EOS>,<EOS>
<BOS> さあ 、 行 く ぞ 。 <EOS>,here we go . <EOS>,<EOS>
<BOS> この ウイスキー は どう 。 <EOS>,how do you like this whisky ? <EOS>,what is this this camera ? <EOS>
<BOS> ちょっと 疲れ た 。 <EOS>,<EOS>,<EOS>
<BOS> 一昨 日 、 彼 は 学校 を 休 ん だ か も しれ な い 。 <EOS>,he may have absented himself from school the day before yesterday . <EOS>,he may have been absent from school on day . <EOS>
<BOS> 京都 駅 へ 行 く 道 を 教え て くれ ま せ ん か 。 <EOS>,will you tell me the way to kyoto station ? <EOS>,could you tell me the way to the station , please ? <EOS>
<BOS> 部屋 を のぞ い て み たら 、 だれ も い な かっ た 。 <EOS>,looking into the room , <EOS>,<EOS>
<BOS> あなた は 何 本 の ペン を 持 っ て い ま す か 。 <EOS>,how many pens do you have ? <EOS>,how many pens do you have ? <EOS>
<BOS> 彼 が 東京 に 行 っ て から 半年 に な り ま す 。 <EOS>,it is half a year since he went to tokyo . <EOS>,he goes to tokyo station on the . <EOS>
<BOS> 好き な ドレス を どれ で も 選 び な さ い 。 <EOS>,choose any dress you like . <EOS>,choose any dress you like . <EOS>
<BOS> 私 は その チケット を ３ 枚 持 っ て い る 。 <EOS>,<EOS>,<EOS>
<BOS> 息子 の 失敗 は 私 が 責任 を 負 い ま す 。 <EOS>,<EOS>,<EOS>
<BOS> 彼 は <UNK> し た 顔つき を し て い た 。 <EOS>,he had an absent look on his face . <EOS>,he was looking for the president he lost . <EOS>
<BOS> 私 たち は 勉強 する ため に 学校 へ 行 く 。 <EOS>,we go to school to study . <EOS>,we go to school to study . <EOS>
<BOS> その 知らせ を 聞 い て みんな 喜 ん だ 。 <EOS>,all were glad to hear the news . <EOS>,the news gratified me happy . <EOS>
<BOS> 私 達 は 彼 に 時計 を <UNK> し た 。 <EOS>,we presented a watch to him . <EOS>,we gave him a watch . <EOS>
<BOS> 我々 の 野球 場 は 非常 に 狭 い 。 <EOS>,our baseball diamond is very small . <EOS>,our baseball are very young . <EOS>
<BOS> 必ず 来 な けれ ば いけ ま せ ん 。 <EOS>,you must come without fail . <EOS>,you must come without fail . <EOS>
<BOS> あと １ 時間 で 年 が 明け ま す 。 <EOS>,the new year will come in an hour . <EOS>,we get an hour 's four years . <EOS>
<BOS> 質問 は 書面 に し て 下さ い 。 <EOS>,put the question to writing . <EOS>,please keep this question . <EOS>
<BOS> <UNK> を に は 入れ ま せ ん 。 <EOS>,we cannot go into the <UNK> . <EOS>,<EOS>
<BOS> 私 は 彼 に 電話 を し た 。 <EOS>,<EOS>,<EOS>
<BOS> 彼 は まさしく そう 言 っ た 。 <EOS>,that 's exactly what he said . <EOS>,he said so far by a man . <EOS>
<BOS> 私 の 趣味 は 読書 だ 。 <EOS>,my hobby is to read . <EOS>,my reading are my reading . <EOS>
<BOS> 私 たち は 一緒 に 昼食 を と っ て い ま し た 。 <EOS>,we were eating lunch together . <EOS>,we had lunch lunch together . <EOS>
<BOS> 彼 は 日本 に つ い て は よく 知 り ま せ ん 。 <EOS>,he doesn 't know a lot about japan . <EOS>,he doesn 't know much about japan . <EOS>
<BOS> 彼女 は 英語 を 話 し 、 その 上 <UNK> 語 も 話 す 。 <EOS>,she speaks english and also speaks <UNK> . <EOS>,she speaks english , and speak as well speak english . <EOS>
<BOS> 東京 へ 来 て から ５ 年 に な り ま す 。 <EOS>,it 's been five years since <EOS>,it is ten years since <EOS>
<BOS> 彼 は 金 の 使い 道 に 困 っ て い る 。 <EOS>,he doesn 't know what to do with his money . <EOS>,he is in want of his money . <EOS>
<BOS> お 客 が な い の で 店 を 売 っ た 。 <EOS>,we sold the store for want of customers . <EOS>,we ran off our shop . <EOS>
<BOS> その 計画 を 実行 する の は 容易 だっ た 。 <EOS>,carrying out the plan was easy . <EOS>,it was hard to put out the plan out of it . <EOS>
<BOS> 彼 は 自分 の 家 に 放火 を し た 。 <EOS>,he set his house on fire . <EOS>,he hurt his house . <EOS>
<BOS> 彼 は <UNK> に 従事 し て い る 。 <EOS>,he is in business . <EOS>,he 's anxious for a long . <EOS>
<BOS> 昨日 その 家 に 泥棒 が 入 っ た 。 <EOS>,yesterday , a thief entered the house . <EOS>,a burglar broke into the house yesterday . <EOS>
<BOS> どうぞ お 気楽 に なさ っ て 下さ い 。 <EOS>,please make yourself comfortable . <EOS>,please make yourself at home . <EOS>
<BOS> 私 は しばしば スキー に 行 き ま す 。 <EOS>,<EOS>,<EOS>
<BOS> 彼 は 彼女 の 所 に 駆け寄 っ た 。 <EOS>,he ran up to her . <EOS>,he went on her way . <EOS>
<BOS> ある 朝 彼 は 散歩 に 出かけ た 。 <EOS>,one morning he went for a walk . <EOS>,one day he went for a walk . <EOS>
<BOS> 彼 は 親切 で い い やつ だ 。 <EOS>,he is a kind and nice fellow . <EOS>,he is kind nice to be kind . <EOS>
<BOS> 何 と い う 曲 な の 。 <EOS>,what 's the name of this tune ? <EOS>,what a marvelous ! <EOS>
<BOS> 彼 は １ 時間 ねむ っ た 。 <EOS>,he slept an hour . <EOS>,he walked on an hour . <EOS>
<BOS> 今晩 お 電話 下さ い 。 <EOS>,please give me a ring this evening . <EOS>,please call me up tonight . <EOS>
<BOS> 風邪 で す ね 。 <EOS>,it 's just a cold . <EOS>,it 's a cold , don 't catch on . <EOS>
<BOS> 気分 悪 い の ？ <EOS>,are you feeling sick ? <EOS>,are you feeling sick ? <EOS>
<BOS> 彼 ら は どう やら なん と か 遅れ ず に 到着 で き た 。 <EOS>,they <UNK> to arrive in time after all . <EOS>,they were always come at all . <EOS>
<BOS> 時間 は 充分 あ っ た の で 急 ぐ 必要 は な かっ た 。 <EOS>,<EOS>,we didn 't need for at once time . <EOS>
<BOS> 彼 は 一言 も 言 わ ず に 行 っ て しま っ た 。 <EOS>,he went away without saying a word . <EOS>,he went out without saying a word . <EOS>
<BOS> 彼 の 仕事 は 自慢 する ほど の もの で は な い 。 <EOS>,his work shows nothing to <UNK> about . <EOS>,his work is not so good as a . <EOS>
<BOS> それ は 彼 に と っ て とても い い 経験 だっ た 。 <EOS>,it was a very good experience for him . <EOS>,it was a great blow to him . <EOS>
<BOS> 私 は 昨日 非常 に おもしろ い 小説 を 読 ん だ 。 <EOS>,<EOS>,<EOS>
<BOS> <EOS>,nobody came to help me . <EOS>,no one helped me . <EOS>
<BOS> 彼 ら は 今月 の ３ 日 に 結婚 し た 。 <EOS>,they married on the third of this month . <EOS>,they got married three years ago . <EOS>
<BOS> 日本 の 友達 に かけ られ る で しょ う か 。 <EOS>,can <EOS>,can <EOS>
<BOS> あなた の 考え は まったく 時代 遅れ で あ る 。 <EOS>,your ideas are all out of date . <EOS>,your ideas are out behind at times . <EOS>
<BOS> 私 の こと を 話 し て い る の 。 <EOS>,are you referring to me ? <EOS>,are you making about me ? <EOS>
<BOS> トイレ は 、 どこ に あ り ま す か 。 <EOS>,where 's the toilet ? <EOS>,where is the toilet ? <EOS>
<BOS> 彼 は まだ 来 たが っ て い る 。 <EOS>,he still wants to come . <EOS>,he is anxious for he to come . <EOS>
<BOS> 彼 は 商用 で ニューヨーク へ 行 っ た 。 <EOS>,he went to new york on business . <EOS>,he went to new york on business . <EOS>
<BOS> 私 は 今晩 、 ピザ を 食べ た い 。 <EOS>,<EOS>,<EOS>
<BOS> 彼女 は <UNK> で 人 を 使 う 。 <EOS>,she has him at her beck and call . <EOS>,she 's often on her own affairs . <EOS>
<BOS> 彼 は その 事故 で 失明 し た 。 <EOS>,he went blind in the accident . <EOS>,he was killed in the accident . <EOS>
<BOS> 洗濯 は 私 の 仕事 で す 。 <EOS>,washing clothes is my work . <EOS>,my job is mine . <EOS>
<BOS> 彼 は 赤 の 他人 だ よ 。 <EOS>,he is a total stranger to me . <EOS>,he is a total of his mind . <EOS>
<BOS> トム と 僕 は 友達 だ 。 <EOS>,tom and <EOS>,tom and <EOS>
<BOS> 野球 の 試合 に 行 く 前 に 夕食 を 食べ よ う 。 <EOS>,let 's have dinner before we go to the baseball game . <EOS>,<EOS>
<BOS> <UNK> そんな こと は 子供 だ って し な い だ ろ う 。 <EOS>,a child today would not do that . <EOS>,if it is not likely to go to this business . <EOS>
<BOS> 彼 は 音楽 だけ で な く スポーツ も 好き で す 。 <EOS>,he likes not only music but sports . <EOS>,he likes sports as well as music . music . <EOS>
<BOS> 昨日 彼女 は 一 日 中 家 に い ま し た 。 <EOS>,she stayed at home all day long yesterday . <EOS>,she stayed in a house yesterday . <EOS>
<BOS> 人間 は 世界 の あらゆる 所 に 住 ん で い る 。 <EOS>,people are living in all parts of the world . <EOS>,man lives in the world of the world . <EOS>
<BOS> 壁 に 帽子 と コート が かか っ て い た 。 <EOS>,there were a hat and a coat on the wall . <EOS>,there was a red on close coat . <EOS>
<BOS> 彼 ら に は １０ 歳 の 息子 が い る 。 <EOS>,they have a <UNK> son . <EOS>,they have ten years older . <EOS>
<BOS> 列車 は 出発 し よ う と し て い た 。 <EOS>,the train was about to leave . <EOS>,the train was about to start . <EOS>
<BOS> 私 は 彼 に その 金 を 払 っ た 。 <EOS>,<EOS>,<EOS>
<BOS> 私 は 今日 働 く 気 が し な い 。 <EOS>,<EOS>,<EOS>
<BOS> その 歌手 は <UNK> に な る だ ろ う 。 <EOS>,that singer is going to become popular . <EOS>,the singer will be made before a thing . <EOS>
<BOS> 我々 は 彼 に おおいに 期待 し て い る 。 <EOS>,we expect much of him . <EOS>,we expect him to help . <EOS>
<BOS> 彼 に 金 の 支払い を 要求 し た 。 <EOS>,<EOS>,<EOS>
<BOS> 彼女 は 幸せ で あ っ た よう だ 。 <EOS>,she seems to have been happy . <EOS>,she seems to have been happy . <EOS>
<BOS> 枝 を お ら な い で くださ い 。 <EOS>,don 't break the branches . <EOS>,don 't hang up your seat . <EOS>
<BOS> 私 は コーヒー が 飲 み た い 。 <EOS>,<EOS>,<EOS>
<BOS> 辞書 が 机 の 上 に あ る 。 <EOS>,there is a dictionary on the desk . <EOS>,the dictionary is on the desk . <EOS>
<BOS> 楽 に その 問題 が 解け た 。 <EOS>,it was easy for me to solve the problem . <EOS>,we found the problem was easy to solve . <EOS>
<BOS> すぐ 部屋 を 片付け な さ い 。 <EOS>,do your room at once . <EOS>,you must in the room . <EOS>
<BOS> その 男 は 立ち上が っ た 。 <EOS>,the man stood up . <EOS>,the man blushed . <EOS>
<BOS> 何 が 起こ ろ う と も 、 私 は 決心 を 変え な い 。 <EOS>,come what may ; <EOS>,nothing what happens , <EOS>
<BOS> 人生 に お い て 健康 ほど 大切 な もの は な い 。 <EOS>,nothing is more important in life than health . <EOS>,life is so precious as health . <EOS>
<BOS> 彼 は 結局 は 成功 する 事 を 確信 し て い る 。 <EOS>,he is sure of success in the end . <EOS>,he is sure of success in his own . <EOS>
<BOS> お 手数 を お かけ し て す み ま せ ん 。 <EOS>,<EOS>,<EOS>
<BOS> 私 は 彼 の <UNK> の 親切 が 忘れ られ な い 。 <EOS>,<EOS>,<EOS>
<BOS> あなた の 言 う こと に ある 程度 同意 し ま す 。 <EOS>,<EOS>,<EOS>
<BOS> 私 は 試験 に 合格 し トム も 合格 し た 。 <EOS>,<EOS>,<EOS>
<BOS> すぐ に 出 な けれ ば いけ ま せ ん か 。 <EOS>,must <EOS>,must <EOS>
<BOS> ここ で 待 っ て い て い て くださ い 。 <EOS>,please wait here . <EOS>,wait here for a while . <EOS>
<BOS> それ は 高価 すぎ て 私 に は 買え な い 。 <EOS>,it is too expensive for me to buy . <EOS>,that 's too expensive <EOS>
<BOS> その 赤ん坊 は 母親 に そっくり で あ っ た 。 <EOS>,the baby was the very image of his mother . <EOS>,the baby was a baby that had a baby . <EOS>
<BOS> 英語 は 私 達 に は やさし く な い 。 <EOS>,english is not easy for us . <EOS>,english is not easy for us to speak english . <EOS>
<BOS> 彼女 は そこ に 行 く と 主張 し た 。 <EOS>,she insisted on going there . <EOS>,she went there to go there . <EOS>
<BOS> 君 の 身長 は どれ くらい で す か 。 <EOS>,how tall are you ? <EOS>,how tall is your ? <EOS>
<BOS> この 箱 は 紙 で 出来 て い る 。 <EOS>,this box is made of paper . <EOS>,this box is made of mistakes . <EOS>
<BOS> 彼 は 元気 に 試合 に 参加 し た 。 <EOS>,he entered into the game with great spirit . <EOS>,he took part in the athletic . <EOS>
<BOS> 私 は 家 に い る つもり だ 。 <EOS>,<EOS>,<EOS>
<BOS> あの 生徒 が トム で す 。 <EOS>,that student is tom . <EOS>,that student is a student . <EOS>
<BOS> 余計 な お 節介 だ 。 <EOS>,go about your business . <EOS>,you are all the happy . <EOS>
<BOS> <UNK> よ う 。 <EOS>,let 's live it up ! <EOS>,let 's get up . <EOS>
<BOS> ある 日 、 その 男 たち が 彼 の 村 に 到着 し た 。 <EOS>,one day the men got to his village . <EOS>,one arrived one after another arrival . <EOS>
<BOS> 私 は 行 き た い から そこ へ 行 っ た の だ 。 <EOS>,<EOS>,<EOS>
<BOS> 君 を 好き に な ら ず に は い られ な かっ た 。 <EOS>,<EOS>,<EOS>
<BOS> 彼 は タバコ を 吸 う の を やめ ま し た 。 <EOS>,he stopped smoking . <EOS>,he stopped smoking . <EOS>
<BOS> 私 の こと は 心配 し な い で 下さ い 。 <EOS>,don 't trouble about me . <EOS>,don 't worry about me . <EOS>
<BOS> 私 の 意見 は あなた の と は 全く 違 う 。 <EOS>,my opinion is entirely different from yours . <EOS>,my opinion is entirely different from yours . <EOS>
<BOS> 彼女 は 昨日 より ずっと 体 の 具合 が い い 。 <EOS>,she 's much better today than yesterday . <EOS>,she is heaps better than she was . <EOS>
<BOS> 花 が とても 水 を 欲し が っ て い る 。 <EOS>,the flower is crying out for water . <EOS>,some flowers wants a flower . <EOS>
<BOS> 名前 は ちょっと わか ら な い ん で す けど 。 <EOS>,<EOS>,<EOS>
<BOS> 彼女 は 庭 に 見とれ て た っ て い た 。 <EOS>,she stood in <UNK> of the garden . <EOS>,she was in a garden on the garden . <EOS>
<BOS> 彼 は 、 決して 約束 を 破 ら な い 。 <EOS>,he never breaks his promise . <EOS>,he never breaks his promise . <EOS>
<BOS> 途中 で 私 の 車 が 故障 し た 。 <EOS>,my car broke down on the way . <EOS>,my car broke down on my way . <EOS>
<BOS> 喫煙 席 を お 願 い し ま す 。 <EOS>,smoking , please . <EOS>,<EOS>
<BOS> 娘 の 父親 は 金離れ が い い 。 <EOS>,her father is liberal with money . <EOS>,her father is a good man . <EOS>
<BOS> 試験 が 目前 に 迫 っ た 。 <EOS>,the examination is near at hand . <EOS>,the examination broke up late at the . <EOS>
<BOS> 昨日 は 雨 が 降 っ た 。 <EOS>,it rained yesterday . <EOS>,we had a heavy rain yesterday . <EOS>
<BOS> <UNK> の ところ で 間に合 う 。 <EOS>,<EOS>,by the first place , you will be in trouble . <EOS>
<BOS> なかなか や る なあ 。 <EOS>,it 's pretty good . <EOS>,<EOS>
<BOS> 残念 で す が 。 <EOS>,what a pity ! <EOS>,<EOS>
<BOS> ご 協力 ありがとう 。 <EOS>,thank you for your cooperation . <EOS>,thank you for your kindness . <EOS>
